"Date d'admission","Hors soins intensifs","Aux soins intensifs"
"2020-03-12 00:00:00",0,
"2020-03-13 00:00:00",0,
"2020-03-14 00:00:00",0,
"2020-03-15 00:00:00",2,0
"2020-03-16 00:00:00",5,0
"2020-03-17 00:00:00",2,4
"2020-03-18 00:00:00",3,4
"2020-03-19 00:00:00",4,6
"2020-03-20 00:00:00",9,10
"2020-03-21 00:00:00",11,13
"2020-03-22 00:00:00",25,20
"2020-03-23 00:00:00",36,31
"2020-03-24 00:00:00",43,35
"2020-03-25 00:00:00",63,43
"2020-03-26 00:00:00",91,50
"2020-03-27 00:00:00",107,57
"2020-03-28 00:00:00",120,72
"2020-03-29 00:00:00",157,78
"2020-03-30 00:00:00",204,82
"2020-03-31 00:00:00",225,82
"2020-04-01 00:00:00",269,96
"2020-04-02 00:00:00",334,107
"2020-04-03 00:00:00",348,130
"2020-04-04 00:00:00",371,154
"2020-04-05 00:00:00",369,164
"2020-04-06 00:00:00",419,164
"2020-04-07 00:00:00",451,181
"2020-04-08 00:00:00",483,196
"2020-04-09 00:00:00",547,186
"2020-04-10 00:00:00",612,146
"2020-04-11 00:00:00",634,156
"2020-04-12 00:00:00",664,166
"2020-04-13 00:00:00",730,161
"2020-04-14 00:00:00",737,190
"2020-04-15 00:00:00",788,187
"2020-04-16 00:00:00",822,196
"2020-04-17 00:00:00",879,193
"2020-04-18 00:00:00",917,183
"2020-04-19 00:00:00",970,198
"2020-04-20 00:00:00",1022,201
"2020-04-21 00:00:00",1077,199
"2020-04-22 00:00:00",1203,207
"2020-04-23 00:00:00",1233,227
"2020-04-24 00:00:00",1297,208
"2020-04-25 00:00:00",1312,204
"2020-04-26 00:00:00",1328,210
"2020-04-27 00:00:00",1402,217
"2020-04-28 00:00:00",1423,222
"2020-04-29 00:00:00",1464,213
"2020-04-30 00:00:00",1491,218
"2020-05-01 00:00:00",1509,222
"2020-05-02 00:00:00",1532,216
"2020-05-03 00:00:00",1548,217
"2020-05-04 00:00:00",1599,218
"2020-05-05 00:00:00",1621,213
"2020-05-06 00:00:00",1605,222
"2020-05-07 00:00:00",1616,206
"2020-05-08 00:00:00",1623,203
"2020-05-09 00:00:00",1627,198
"2020-05-10 00:00:00",1640,192
"2020-05-11 00:00:00",1650,184
"2020-05-12 00:00:00",1672,194
"2020-05-13 00:00:00",1639,190
"2020-05-14 00:00:00",1627,191
"2020-05-15 00:00:00",1603,185
"2020-05-16 00:00:00",1580,182
"2020-05-17 00:00:00",1586,176
"2020-05-18 00:00:00",1599,178
"2020-05-19 00:00:00",1359,183
"2020-05-20 00:00:00",1325,175
"2020-05-21 00:00:00",1305,171
"2020-05-22 00:00:00",1282,167
"2020-05-23 00:00:00",1262,170
"2020-05-24 00:00:00",1244,179
"2020-05-25 00:00:00",1220,181
"2020-05-26 00:00:00",1192,182
"2020-05-27 00:00:00",1150,177
"2020-05-28 00:00:00",1088,171
"2020-05-29 00:00:00",1027,165
"2020-05-30 00:00:00",1023,170
"2020-05-31 00:00:00",1019,161
"2020-06-01 00:00:00",1011,158
"2020-06-02 00:00:00",985,155
"2020-06-03 00:00:00",932,144
"2020-06-04 00:00:00",895,129
"2020-06-05 00:00:00",849,127
"2020-06-06 00:00:00",840,126
"2020-06-07 00:00:00",857,119
"2020-06-08 00:00:00",844,117
"2020-06-09 00:00:00",797,117
"2020-06-10 00:00:00",757,114
"2020-06-11 00:00:00",733,107
"2020-06-12 00:00:00",686,102
"2020-06-13 00:00:00",684,85
"2020-06-14 00:00:00",689,82
"2020-06-15 00:00:00",641,77
"2020-06-16 00:00:00",618,72
"2020-06-17 00:00:00",572,65
"2020-06-18 00:00:00",512,62
"2020-06-19 00:00:00",467,62
"2020-06-20 00:00:00",460,61
"2020-06-21 00:00:00",463,57
"2020-06-22 00:00:00",459,56
"2020-06-23 00:00:00",448,52
"2020-06-24 00:00:00",437,50
"2020-06-25 00:00:00",430,48
"2020-06-26 00:00:00",414,45
"2020-06-27 00:00:00",413,43
"2020-06-28 00:00:00",411,45
"2020-06-29 00:00:00",398,38
"2020-06-30 00:00:00",390,33
"2020-07-01 00:00:00",380,32
"2020-07-02 00:00:00",362,31
"2020-07-03 00:00:00",349,27
"2020-07-04 00:00:00",346,26
"2020-07-05 00:00:00",353,25
"2020-07-06 00:00:00",322,26
"2020-07-07 00:00:00",305,27
"2020-07-08 00:00:00",282,27
"2020-07-09 00:00:00",295,24
"2020-07-10 00:00:00",292,22
"2020-07-11 00:00:00",287,20
"2020-07-12 00:00:00",285,21
"2020-07-13 00:00:00",274,21
"2020-07-14 00:00:00",265,20
"2020-07-15 00:00:00",257,20
"2020-07-16 00:00:00",244,16
"2020-07-17 00:00:00",233,15
"2020-07-18 00:00:00",233,18
"2020-07-19 00:00:00",234,17
"2020-07-20 00:00:00",232,15
"2020-07-21 00:00:00",219,16
"2020-07-22 00:00:00",207,14
"2020-07-23 00:00:00",208,12
"2020-07-24 00:00:00",194,12
"2020-07-25 00:00:00",187,10
"2020-07-26 00:00:00",193,7
"2020-07-27 00:00:00",185,8
"2020-07-28 00:00:00",181,9
"2020-07-29 00:00:00",190,18
"2020-07-30 00:00:00",174,15
"2020-07-31 00:00:00",159,18
"2020-08-01 00:00:00",155,17
"2020-08-02 00:00:00",154,18
"2020-08-03 00:00:00",148,21
"2020-08-04 00:00:00",148,19
"2020-08-05 00:00:00",146,19
"2020-08-06 00:00:00",133,19
"2020-08-07 00:00:00",132,23
"2020-08-08 00:00:00",134,22
"2020-08-09 00:00:00",136,21
"2020-08-10 00:00:00",130,21
"2020-08-11 00:00:00",131,20
"2020-08-12 00:00:00",126,23
"2020-08-13 00:00:00",126,25
"2020-08-14 00:00:00",124,25
"2020-08-15 00:00:00",124,25
"2020-08-16 00:00:00",120,25
"2020-08-17 00:00:00",118,27
"2020-08-18 00:00:00",120,26
"2020-08-19 00:00:00",121,25
"2020-08-20 00:00:00",113,23
"2020-08-21 00:00:00",108,16
"2020-08-22 00:00:00",103,14
"2020-08-23 00:00:00",103,12
"2020-08-24 00:00:00",106,12
"2020-08-25 00:00:00",94,12
"2020-08-26 00:00:00",100,15
"2020-08-27 00:00:00",100,17
"2020-08-28 00:00:00",100,17
"2020-08-29 00:00:00",100,16
"2020-08-30 00:00:00",94,18
"2020-08-31 00:00:00",90,20
"2020-09-01 00:00:00",86,20
"2020-09-02 00:00:00",77,20
"2020-09-03 00:00:00",81,18
"2020-09-04 00:00:00",74,17
"2020-09-05 00:00:00",81,18
"2020-09-06 00:00:00",84,18
"2020-09-07 00:00:00",87,15
"2020-09-08 00:00:00",96,14
"2020-09-09 00:00:00",104,12
"2020-09-10 00:00:00",108,12
"2020-09-11 00:00:00",106,16
"2020-09-12 00:00:00",102,19
"2020-09-13 00:00:00",102,19
"2020-09-14 00:00:00",107,23
"2020-09-15 00:00:00",101,26
"2020-09-16 00:00:00",104,29
"2020-09-17 00:00:00",103,30
"2020-09-18 00:00:00",97,31
"2020-09-19 00:00:00",104,31
"2020-09-20 00:00:00",115,30
"2020-09-21 00:00:00",137,28
"2020-09-22 00:00:00",145,30
"2020-09-23 00:00:00",153,31
"2020-09-24 00:00:00",166,33
"2020-09-25 00:00:00",172,45
"2020-09-26 00:00:00",172,41
"2020-09-27 00:00:00",171,37
"2020-09-28 00:00:00",200,41
"2020-09-29 00:00:00",209,43
"2020-09-30 00:00:00",217,46
"2020-10-01 00:00:00",236,49
"2020-10-02 00:00:00",247,60
"2020-10-03 00:00:00",251,64
"2020-10-04 00:00:00",280,62
"2020-10-05 00:00:00",310,67
"2020-10-06 00:00:00",322,62
"2020-10-07 00:00:00",331,68
"2020-10-08 00:00:00",337,67
"2020-10-09 00:00:00",343,73
"2020-10-10 00:00:00",336,72
"2020-10-11 00:00:00",351,75
"2020-10-12 00:00:00",352,85
"2020-10-13 00:00:00",376,80
"2020-10-14 00:00:00",377,83
"2020-10-15 00:00:00",381,87
"2020-10-16 00:00:00",393,85
"2020-10-17 00:00:00",404,88
"2020-10-18 00:00:00",406,92
"2020-10-19 00:00:00",429,100
"2020-10-20 00:00:00",434,94
"2020-10-21 00:00:00",413,101
"2020-10-22 00:00:00",404,99
"2020-10-23 00:00:00",421,93
"2020-10-24 00:00:00",420,97
"2020-10-25 00:00:00",416,93
"2020-10-26 00:00:00",436,91
"2020-10-27 00:00:00",437,89
"2020-10-28 00:00:00",431,78
"2020-10-29 00:00:00",434,81
"2020-10-30 00:00:00",422,82
"2020-10-31 00:00:00",412,84
"2020-11-01 00:00:00",418,81
"2020-11-02 00:00:00",442,85
"2020-11-03 00:00:00",459,81
"2020-11-04 00:00:00",457,82
"2020-11-05 00:00:00",463,77
"2020-11-06 00:00:00",446,79
"2020-11-07 00:00:00",451,77
"2020-11-08 00:00:00",465,76
"2020-11-09 00:00:00",453,82
"2020-11-10 00:00:00",490,84
"2020-11-11 00:00:00",498,86
"2020-11-12 00:00:00",499,85
"2020-11-13 00:00:00",502,82
"2020-11-14 00:00:00",499,89
"2020-11-15 00:00:00",505,87
"2020-11-16 00:00:00",539,100
"2020-11-17 00:00:00",553,100
"2020-11-18 00:00:00",551,102
"2020-11-19 00:00:00",529,96
"2020-11-20 00:00:00",548,99
"2020-11-21 00:00:00",540,103
"2020-11-22 00:00:00",537,98
"2020-11-23 00:00:00",560,96
"2020-11-24 00:00:00",562,93
"2020-11-25 00:00:00",585,90
"2020-11-26 00:00:00",579,90
"2020-11-27 00:00:00",585,93
"2020-11-28 00:00:00",573,92
"2020-11-29 00:00:00",599,94
"2020-11-30 00:00:00",622,98
"2020-12-01 00:00:00",641,99
"2020-12-02 00:00:00",639,99
"2020-12-03 00:00:00",665,97
"2020-12-04 00:00:00",659,96
"2020-12-05 00:00:00",676,102
"2020-12-06 00:00:00",713,105
"2020-12-07 00:00:00",721,114
"2020-12-08 00:00:00",723,121
"2020-12-09 00:00:00",735,113
"2020-12-10 00:00:00",748,123
"2020-12-11 00:00:00",731,129
"2020-12-12 00:00:00",757,123
"2020-12-13 00:00:00",768,122
"2020-12-14 00:00:00",834,125
"2020-12-15 00:00:00",848,128
"2020-12-16 00:00:00",868,134
"2020-12-17 00:00:00",870,142
"2020-12-18 00:00:00",863,142
"2020-12-19 00:00:00",864,147
"2020-12-20 00:00:00",902,147
"2020-12-21 00:00:00",918,138
"2020-12-22 00:00:00",925,143
"2020-12-23 00:00:00",906,147
"2020-12-24 00:00:00",820,139
"2020-12-25 00:00:00",794,134
"2020-12-26 00:00:00",936,149
"2020-12-27 00:00:00",974,150
"2020-12-28 00:00:00",985,148
"2020-12-29 00:00:00",1059,152
"2020-12-30 00:00:00",1010,165
"2020-12-31 00:00:00",950,167
"2021-01-01 00:00:00",909,166
"2021-01-02 00:00:00",1046,179
"2021-01-03 00:00:00",1106,188
"2021-01-04 00:00:00",1123,194
"2021-01-05 00:00:00",1191,202
"2021-01-06 00:00:00",1178,202
"2021-01-07 00:00:00",1196,207
"2021-01-08 00:00:00",1186,206
"2021-01-09 00:00:00",1177,203
"2021-01-10 00:00:00",1226,212
"2021-01-11 00:00:00",1277,222
"2021-01-12 00:00:00",1287,229
"2021-01-13 00:00:00",1295,230
"2021-01-14 00:00:00",1266,231
"2021-01-15 00:00:00",1248,227
"2021-01-16 00:00:00",1245,215
"2021-01-17 00:00:00",1275,217
"2021-01-18 00:00:00",1288,212
"2021-01-19 00:00:00",1252,216
"2021-01-20 00:00:00",1237,216
"2021-01-21 00:00:00",1214,212
"2021-01-22 00:00:00",1167,216
"2021-01-23 00:00:00",1108,219
"2021-01-24 00:00:00",1104,217
"2021-01-25 00:00:00",1108,217
"2021-01-26 00:00:00",1069,221
"2021-01-27 00:00:00",1052,212
"2021-01-28 00:00:00",1008,209
"2021-01-29 00:00:00",962,201
"2021-01-30 00:00:00",945,191
"2021-01-31 00:00:00",961,183
"2021-02-01 00:00:00",932,178
"2021-02-02 00:00:00",929,177
"2021-02-03 00:00:00",895,175
"2021-02-04 00:00:00",872,168
"2021-02-05 00:00:00",823,159
"2021-02-06 00:00:00",805,158
"2021-02-07 00:00:00",809,160
"2021-02-08 00:00:00",795,145
"2021-02-09 00:00:00",770,148
"2021-02-10 00:00:00",731,143
"2021-02-11 00:00:00",712,137
"2021-02-12 00:00:00",682,130
"2021-02-13 00:00:00",673,132
"2021-02-14 00:00:00",668,136
"2021-02-15 00:00:00",637,134
"2021-02-16 00:00:00",636,130
"2021-02-17 00:00:00",618,129
"2021-02-18 00:00:00",596,127
"2021-02-19 00:00:00",580,120
"2021-02-20 00:00:00",567,119
"2021-02-21 00:00:00",572,117
"2021-02-22 00:00:00",560,120
"2021-02-23 00:00:00",525,130
"2021-02-24 00:00:00",511,122
"2021-02-25 00:00:00",501,119
"2021-02-26 00:00:00",487,112
"2021-02-27 00:00:00",484,117
"2021-02-28 00:00:00",490,122
"2021-03-01 00:00:00",507,121
"2021-03-02 00:00:00",498,120
"2021-03-03 00:00:00",511,115
"2021-03-04 00:00:00",506,111
"2021-03-05 00:00:00",492,109
"2021-03-06 00:00:00",485,107
"2021-03-07 00:00:00",482,108
"2021-03-08 00:00:00",466,110
"2021-03-09 00:00:00",469,112
"2021-03-10 00:00:00",452,111
"2021-03-11 00:00:00",444,106
"2021-03-12 00:00:00",445,106
"2021-03-13 00:00:00",447,100
"2021-03-14 00:00:00",457,96
"2021-03-15 00:00:00",442,91
"2021-03-16 00:00:00",425,107
"2021-03-17 00:00:00",418,101
"2021-03-18 00:00:00",405,99
"2021-03-19 00:00:00",406,99
"2021-03-20 00:00:00",399,102
"2021-03-21 00:00:00",399,114
"2021-03-22 00:00:00",406,113
"2021-03-23 00:00:00",390,118
"2021-03-24 00:00:00",379,117
"2021-03-25 00:00:00",366,115
"2021-03-26 00:00:00",373,108
"2021-03-27 00:00:00",366,114
"2021-03-28 00:00:00",357,120
"2021-03-29 00:00:00",361,126
"2021-03-30 00:00:00",365,120
"2021-03-31 00:00:00",368,119
"2021-04-01 00:00:00",382,121
"2021-04-02 00:00:00",377,124
"2021-04-03 00:00:00",374,128
"2021-04-04 00:00:00",380,123
"2021-04-05 00:00:00",393,121
"2021-04-06 00:00:00",420,123
"2021-04-07 00:00:00",434,132
"2021-04-08 00:00:00",435,134
"2021-04-09 00:00:00",445,138
"2021-04-10 00:00:00",469,139
"2021-04-11 00:00:00",488,142
"2021-04-12 00:00:00",493,150
"2021-04-13 00:00:00",508,152
"2021-04-14 00:00:00",502,159
"2021-04-15 00:00:00",497,167
"2021-04-16 00:00:00",517,175
"2021-04-17 00:00:00",508,175
"2021-04-18 00:00:00",503,183
"2021-04-19 00:00:00",517,177
"2021-04-20 00:00:00",538,178
"2021-04-21 00:00:00",537,174
"2021-04-22 00:00:00",512,172
"2021-04-23 00:00:00",481,181
"2021-04-24 00:00:00",489,165
"2021-04-25 00:00:00",497,167
"2021-04-26 00:00:00",497,170
"2021-04-27 00:00:00",482,161
"2021-04-28 00:00:00",458,165
"2021-04-29 00:00:00",428,164
"2021-04-30 00:00:00",419,159
"2021-05-01 00:00:00",417,157
"2021-05-02 00:00:00",437,151
"2021-05-03 00:00:00",439,155
"2021-05-04 00:00:00",436,152
"2021-05-05 00:00:00",436,144
"2021-05-06 00:00:00",435,139
"2021-05-07 00:00:00",417,130
"2021-05-08 00:00:00",415,124
"2021-05-09 00:00:00",420,123
"2021-05-10 00:00:00",412,128
"2021-05-11 00:00:00",404,126
"2021-05-12 00:00:00",399,121
"2021-05-13 00:00:00",407,123
"2021-05-14 00:00:00",389,120
"2021-05-15 00:00:00",389,119
"2021-05-16 00:00:00",385,116
"2021-05-17 00:00:00",366,118
"2021-05-18 00:00:00",353,113
"2021-05-19 00:00:00",353,107
"2021-05-20 00:00:00",331,106
"2021-05-21 00:00:00",321,103
"2021-05-22 00:00:00",318,103
"2021-05-23 00:00:00",322,102
"2021-05-24 00:00:00",314,101
"2021-05-25 00:00:00",298,101
"2021-05-26 00:00:00",298,96
"2021-05-27 00:00:00",294,91
"2021-05-28 00:00:00",282,91
"2021-05-29 00:00:00",274,90
"2021-05-30 00:00:00",273,89
"2021-05-31 00:00:00",268,86
"2021-06-01 00:00:00",263,77
"2021-06-02 00:00:00",249,68
"2021-06-03 00:00:00",240,67
"2021-06-04 00:00:00",219,64
"2021-06-05 00:00:00",213,61
"2021-06-06 00:00:00",207,58
"2021-06-07 00:00:00",203,60
"2021-06-08 00:00:00",197,60
"2021-06-09 00:00:00",187,64
"2021-06-10 00:00:00",185,59
"2021-06-11 00:00:00",168,59
"2021-06-12 00:00:00",157,58
"2021-06-13 00:00:00",160,54
"2021-06-14 00:00:00",159,50
"2021-06-15 00:00:00",147,45
"2021-06-16 00:00:00",137,41
"2021-06-17 00:00:00",136,39
"2021-06-18 00:00:00",139,39
"2021-06-19 00:00:00",131,39
"2021-06-20 00:00:00",129,39
"2021-06-21 00:00:00",121,40
"2021-06-22 00:00:00",121,40
"2021-06-23 00:00:00",105,38
"2021-06-24 00:00:00",95,40
"2021-06-25 00:00:00",92,39
"2021-06-26 00:00:00",89,35
"2021-06-27 00:00:00",93,31
"2021-06-28 00:00:00",91,31
"2021-06-29 00:00:00",82,35
"2021-06-30 00:00:00",79,34
"2021-07-01 00:00:00",76,34
"2021-07-02 00:00:00",74,31
"2021-07-03 00:00:00",70,30
"2021-07-04 00:00:00",75,27
"2021-07-05 00:00:00",75,27
"2021-07-06 00:00:00",78,25
"2021-07-07 00:00:00",78,23
"2021-07-08 00:00:00",74,22
"2021-07-09 00:00:00",68,22
"2021-07-10 00:00:00",66,22
"2021-07-11 00:00:00",63,25
"2021-07-12 00:00:00",60,25
"2021-07-13 00:00:00",54,25
"2021-07-14 00:00:00",58,23
"2021-07-15 00:00:00",59,25
"2021-07-16 00:00:00",55,22
"2021-07-17 00:00:00",53,22
"2021-07-18 00:00:00",55,23
"2021-07-19 00:00:00",56,21
"2021-07-20 00:00:00",51,21
"2021-07-21 00:00:00",50,21
"2021-07-22 00:00:00",46,21
"2021-07-23 00:00:00",46,20
"2021-07-24 00:00:00",43,19
"2021-07-25 00:00:00",47,20
"2021-07-26 00:00:00",45,21
"2021-07-27 00:00:00",42,19
"2021-07-28 00:00:00",42,20
"2021-07-29 00:00:00",43,17
"2021-07-30 00:00:00",46,17
"2021-07-31 00:00:00",44,16
"2021-08-01 00:00:00",44,17
"2021-08-02 00:00:00",40,18
"2021-08-03 00:00:00",41,17
"2021-08-04 00:00:00",44,16
"2021-08-05 00:00:00",42,15
"2021-08-06 00:00:00",39,15
"2021-08-07 00:00:00",40,15
"2021-08-08 00:00:00",41,14
"2021-08-09 00:00:00",44,18
"2021-08-10 00:00:00",45,22
"2021-08-11 00:00:00",53,28
"2021-08-12 00:00:00",53,27
"2021-08-13 00:00:00",56,29
"2021-08-14 00:00:00",51,28
"2021-08-15 00:00:00",55,27
"2021-08-16 00:00:00",61,27
"2021-08-17 00:00:00",60,28
"2021-08-18 00:00:00",64,27
"2021-08-19 00:00:00",57,30
"2021-08-20 00:00:00",60,30
"2021-08-21 00:00:00",68,30
"2021-08-22 00:00:00",68,31
"2021-08-23 00:00:00",73,29
"2021-08-24 00:00:00",77,33
"2021-08-25 00:00:00",83,36
"2021-08-26 00:00:00",90,36
"2021-08-27 00:00:00",93,38
"2021-08-28 00:00:00",90,36
"2021-08-29 00:00:00",88,37
"2021-08-30 00:00:00",95,36
"2021-08-31 00:00:00",98,40
"2021-09-01 00:00:00",96,42
"2021-09-02 00:00:00",98,49
"2021-09-03 00:00:00",95,52
"2021-09-04 00:00:00",93,56
"2021-09-05 00:00:00",96,64
"2021-09-06 00:00:00",103,68
"2021-09-07 00:00:00",107,71
"2021-09-08 00:00:00",128,70
"2021-09-09 00:00:00",135,72
"2021-09-10 00:00:00",143,75
"2021-09-11 00:00:00",138,75
"2021-09-12 00:00:00",152,75
"2021-09-13 00:00:00",152,78
"2021-09-14 00:00:00",165,85
"2021-09-15 00:00:00",169,87
"2021-09-16 00:00:00",167,95
"2021-09-17 00:00:00",175,89
"2021-09-18 00:00:00",190,87
"2021-09-19 00:00:00",188,92
"2021-09-20 00:00:00",188,86
"2021-09-21 00:00:00",189,91
"2021-09-22 00:00:00",193,90
"2021-09-23 00:00:00",207,91
"2021-09-24 00:00:00",211,90
"2021-09-25 00:00:00",207,90
"2021-09-26 00:00:00",204,95
"2021-09-27 00:00:00",227,94
"2021-09-28 00:00:00",215,91
"2021-09-29 00:00:00",220,91
"2021-09-30 00:00:00",226,84
"2021-10-01 00:00:00",218,83
"2021-10-02 00:00:00",204,88
"2021-10-03 00:00:00",202,88
"2021-10-04 00:00:00",201,90
"2021-10-05 00:00:00",204,90
"2021-10-06 00:00:00",209,88
"2021-10-07 00:00:00",216,86
"2021-10-08 00:00:00",213,84
"2021-10-09 00:00:00",216,80
"2021-10-10 00:00:00",212,78
"2021-10-11 00:00:00",219,72
"2021-10-12 00:00:00",223,75
"2021-10-13 00:00:00",222,76
"2021-10-14 00:00:00",222,79
"2021-10-15 00:00:00",231,78
"2021-10-16 00:00:00",227,76
"2021-10-17 00:00:00",226,77
"2021-10-18 00:00:00",222,75
"2021-10-19 00:00:00",215,72
"2021-10-20 00:00:00",202,72
"2021-10-21 00:00:00",192,68
"2021-10-22 00:00:00",187,68
"2021-10-23 00:00:00",185,65
"2021-10-24 00:00:00",190,69
"2021-10-25 00:00:00",193,66
"2021-10-26 00:00:00",191,66
"2021-10-27 00:00:00",187,67
"2021-10-28 00:00:00",182,68
"2021-10-29 00:00:00",177,67
"2021-10-30 00:00:00",174,62
"2021-10-31 00:00:00",177,67
"2021-11-01 00:00:00",179,71
"2021-11-02 00:00:00",178,70
"2021-11-03 00:00:00",178,63
"2021-11-04 00:00:00",183,57
"2021-11-05 00:00:00",178,51
"2021-11-06 00:00:00",177,50
"2021-11-07 00:00:00",177,48
"2021-11-08 00:00:00",174,45
"2021-11-09 00:00:00",175,45
"2021-11-10 00:00:00",173,42
"2021-11-11 00:00:00",165,40
"2021-11-12 00:00:00",154,44
"2021-11-13 00:00:00",147,42
"2021-11-14 00:00:00",160,42
"2021-11-15 00:00:00",153,47
"2021-11-16 00:00:00",148,47
"2021-11-17 00:00:00",159,46
"2021-11-18 00:00:00",156,45
"2021-11-19 00:00:00",156,45
"2021-11-20 00:00:00",158,41
"2021-11-21 00:00:00",158,46
"2021-11-22 00:00:00",157,46
"2021-11-23 00:00:00",165,46
"2021-11-24 00:00:00",165,45
"2021-11-25 00:00:00",163,43
"2021-11-26 00:00:00",157,48
"2021-11-27 00:00:00",168,48
"2021-11-28 00:00:00",181,45
"2021-11-29 00:00:00",176,51
"2021-11-30 00:00:00",187,52
"2021-12-01 00:00:00",174,53
"2021-12-02 00:00:00",173,57
"2021-12-03 00:00:00",165,60
"2021-12-04 00:00:00",160,59
"2021-12-05 00:00:00",164,62
"2021-12-06 00:00:00",177,58
"2021-12-07 00:00:00",183,59
"2021-12-08 00:00:00",195,60
"2021-12-09 00:00:00",194,62
"2021-12-10 00:00:00",188,63
"2021-12-11 00:00:00",194,68
"2021-12-12 00:00:00",195,73
"2021-12-13 00:00:00",218,75
"2021-12-14 00:00:00",236,73
"2021-12-15 00:00:00",242,63
"2021-12-16 00:00:00",250,62
"2021-12-17 00:00:00",273,74
"2021-12-18 00:00:00",297,79
"2021-12-19 00:00:00",315,82
"2021-12-20 00:00:00",327,88
"2021-12-21 00:00:00",357,88
"2021-12-22 00:00:00",382,91
"2021-12-23 00:00:00",396,93
"2021-12-24 00:00:00",369,89
"2021-12-25 00:00:00",339,88
"2021-12-26 00:00:00",505,109
"2021-12-27 00:00:00",587,115
"2021-12-28 00:00:00",682,122
"2021-12-29 00:00:00",801,138
"2021-12-30 00:00:00",912,151
"2021-12-31 00:00:00",1008,153
"2022-01-01 00:00:00",1069,162
"2022-01-02 00:00:00",1215,181
"2022-01-03 00:00:00",1407,185
"2022-01-04 00:00:00",1559,191
"2022-01-05 00:00:00",1746,207
"2022-01-06 00:00:00",1904,229
"2022-01-07 00:00:00",2051,245
"2022-01-08 00:00:00",2179,257
"2022-01-09 00:00:00",2306,248
"2022-01-10 00:00:00",2487,255
"2022-01-11 00:00:00",2614,263
"2022-01-12 00:00:00",2722,272
"2022-01-13 00:00:00",2810,275
"2022-01-14 00:00:00",2920,275
"2022-01-15 00:00:00",3018,282
"2022-01-16 00:00:00",3095,286
"2022-01-17 00:00:00",3128,289
"2022-01-18 00:00:00",3140,285
"2022-01-19 00:00:00",3126,285
"2022-01-20 00:00:00",3086,265
"2022-01-21 00:00:00",3020,275
"2022-01-22 00:00:00",3010,273
"2022-01-23 00:00:00",3036,263
"2022-01-24 00:00:00",3015,263
"2022-01-25 00:00:00",3018,252
"2022-01-26 00:00:00",2918,235
"2022-01-27 00:00:00",2863,228
"2022-01-28 00:00:00",2744,231
"2022-01-29 00:00:00",2662,233
"2022-01-30 00:00:00",2665,223
"2022-01-31 00:00:00",2634,218
"2022-02-01 00:00:00",2526,204
"2022-02-02 00:00:00",2446,191
"2022-02-03 00:00:00",2357,184
"2022-02-04 00:00:00",2266,181
"2022-02-05 00:00:00",2234,177
"2022-02-06 00:00:00",2247,178
"2022-02-07 00:00:00",2202,178
"2022-02-08 00:00:00",2177,171
"2022-02-09 00:00:00",2139,173
"2022-02-10 00:00:00",2050,164
"2022-02-11 00:00:00",1990,153
"2022-02-12 00:00:00",1941,140
"2022-02-13 00:00:00",1959,136
"2022-02-14 00:00:00",1920,132
"2022-02-15 00:00:00",1866,129
"2022-02-16 00:00:00",1778,124
"2022-02-17 00:00:00",1715,119
"2022-02-18 00:00:00",1669,120
"2022-02-19 00:00:00",1644,114
"2022-02-20 00:00:00",1657,119
"2022-02-21 00:00:00",1635,107
"2022-02-22 00:00:00",1570,102
"2022-02-23 00:00:00",1508,96
"2022-02-24 00:00:00",1427,105
"2022-02-25 00:00:00",1379,100
"2022-02-26 00:00:00",1358,98
"2022-02-27 00:00:00",1352,94
"2022-02-28 00:00:00",1349,90
"2022-03-01 00:00:00",1299,82
"2022-03-02 00:00:00",1288,76
"2022-03-03 00:00:00",1233,80
"2022-03-04 00:00:00",1180,78
"2022-03-05 00:00:00",1162,76
"2022-03-06 00:00:00",1175,79
"2022-03-07 00:00:00",1175,77
"2022-03-08 00:00:00",1153,69
"2022-03-09 00:00:00",1094,68
"2022-03-10 00:00:00",1061,65
"2022-03-11 00:00:00",1035,64
"2022-03-12 00:00:00",1011,63
"2022-03-13 00:00:00",1016,61
"2022-03-14 00:00:00",1016,66
"2022-03-15 00:00:00",1017,56
"2022-03-16 00:00:00",984,50
"2022-03-17 00:00:00",976,45
"2022-03-18 00:00:00",956,42
"2022-03-19 00:00:00",944,45
"2022-03-20 00:00:00",954,48
"2022-03-21 00:00:00",997,46
"2022-03-22 00:00:00",984,50
"2022-03-23 00:00:00",1005,57
"2022-03-24 00:00:00",989,59
"2022-03-25 00:00:00",1013,55
"2022-03-26 00:00:00",1032,56
"2022-03-27 00:00:00",1062,53
"2022-03-28 00:00:00",1090,63
"2022-03-29 00:00:00",1140,60
"2022-03-30 00:00:00",1172,66
"2022-03-31 00:00:00",1213,62
"2022-04-01 00:00:00",1255,67
"2022-04-02 00:00:00",1278,72
"2022-04-03 00:00:00",1338,69
"2022-04-04 00:00:00",1410,69
"2022-04-05 00:00:00",1474,66
"2022-04-06 00:00:00",1518,64
"2022-04-07 00:00:00",1575,62
"2022-04-08 00:00:00",1629,70
"2022-04-09 00:00:00",1637,71
"2022-04-10 00:00:00",1724,69
"2022-04-11 00:00:00",1871,67
"2022-04-12 00:00:00",1977,83
"2022-04-13 00:00:00",2058,96
"2022-04-14 00:00:00",2057,96
"2022-04-15 00:00:00",2026,105
"2022-04-16 00:00:00",2058,101
"2022-04-17 00:00:00",2125,95
"2022-04-18 00:00:00",2180,101
"2022-04-19 00:00:00",2280,101
"2022-04-20 00:00:00",2317,88
"2022-04-21 00:00:00",2322,88
"2022-04-22 00:00:00",2282,89
"2022-04-23 00:00:00",2254,90
"2022-04-24 00:00:00",2259,86
"2022-04-25 00:00:00",2319,90
"2022-04-26 00:00:00",2280,92
"2022-04-27 00:00:00",2241,85
"2022-04-28 00:00:00",2209,81
"2022-04-29 00:00:00",2178,74
"2022-04-30 00:00:00",2107,75
"2022-05-01 00:00:00",2092,78
"2022-05-02 00:00:00",2119,76
"2022-05-03 00:00:00",2098,78
"2022-05-04 00:00:00",2055,64
"2022-05-05 00:00:00",1991,60
"2022-05-06 00:00:00",1930,64
"2022-05-07 00:00:00",1860,66
"2022-05-08 00:00:00",1844,66
"2022-05-09 00:00:00",1835,66
"2022-05-10 00:00:00",1785,62
"2022-05-11 00:00:00",1761,60
"2022-05-12 00:00:00",1695,59
"2022-05-13 00:00:00",1638,53
"2022-05-14 00:00:00",1567,55
"2022-05-15 00:00:00",1560,51
"2022-05-16 00:00:00",1580,54
"2022-05-17 00:00:00",1551,48
"2022-05-18 00:00:00",1509,53
"2022-05-19 00:00:00",1442,51
"2022-05-20 00:00:00",1384,54
"2022-05-21 00:00:00",1314,53
"2022-05-22 00:00:00",1291,56
"2022-05-23 00:00:00",1304,47
"2022-05-24 00:00:00",1299,45
"2022-05-25 00:00:00",1272,43
"2022-05-26 00:00:00",1252,36
"2022-05-27 00:00:00",1209,30
"2022-05-28 00:00:00",1153,29
"2022-05-29 00:00:00",1144,33
"2022-05-30 00:00:00",1149,32
"2022-05-31 00:00:00",1108,31
"2022-06-01 00:00:00",1081,24
"2022-06-02 00:00:00",1039,28
"2022-06-03 00:00:00",1010,28
"2022-06-04 00:00:00",,
"2022-06-05 00:00:00",,
"2022-06-06 00:00:00",981,26
"2022-06-07 00:00:00",987,25
"2022-06-08 00:00:00",983,23
"2022-06-09 00:00:00",982,19
"2022-06-10 00:00:00",1005,20
"2022-06-11 00:00:00",,
"2022-06-12 00:00:00",,
"2022-06-13 00:00:00",995,21
"2022-06-14 00:00:00",986,22
"2022-06-15 00:00:00",977,27
"2022-06-16 00:00:00",983,27
"2022-06-17 00:00:00",1003,26
"2022-06-18 00:00:00",,
"2022-06-19 00:00:00",,
"2022-06-20 00:00:00",1006,35
"2022-06-21 00:00:00",1051,33
"2022-06-22 00:00:00",1050,30
"2022-06-23 00:00:00",1085,31
"2022-06-24 00:00:00",1083,30
"2022-06-25 00:00:00",,
"2022-06-26 00:00:00",,
"2022-06-27 00:00:00",1190,36
"2022-06-28 00:00:00",1225,35
"2022-06-29 00:00:00",1252,42
"2022-06-30 00:00:00",1275,38
"2022-07-01 00:00:00",1258,36
"2022-07-02 00:00:00",,
"2022-07-03 00:00:00",,
"2022-07-04 00:00:00",1402,39
"2022-07-05 00:00:00",1457,40
"2022-07-06 00:00:00",1491,43
"2022-07-07 00:00:00",1508,41
"2022-07-08 00:00:00",1565,44
"2022-07-09 00:00:00",,
"2022-07-10 00:00:00",,
"2022-07-11 00:00:00",1625,38
"2022-07-12 00:00:00",1724,43
"2022-07-13 00:00:00",1815,45
"2022-07-14 00:00:00",1845,42
"2022-07-15 00:00:00",1840,38
"2022-07-16 00:00:00",,
"2022-07-17 00:00:00",,
"2022-07-18 00:00:00",1905,55
"2022-07-19 00:00:00",2000,57
"2022-07-20 00:00:00",2051,59
"2022-07-21 00:00:00",2034,54
"2022-07-22 00:00:00",2027,59
"2022-07-23 00:00:00",,
"2022-07-24 00:00:00",,
"2022-07-25 00:00:00",2087,61
"2022-07-26 00:00:00",2156,65
"2022-07-27 00:00:00",2153,69
"2022-07-28 00:00:00",2108,68
"2022-07-29 00:00:00",2058,67
"2022-07-30 00:00:00",,
"2022-07-31 00:00:00",,
"2022-08-01 00:00:00",2067,59
"2022-08-02 00:00:00",2079,67
"2022-08-03 00:00:00",2069,67
"2022-08-04 00:00:00",2052,57
"2022-08-05 00:00:00",1996,61
"2022-08-06 00:00:00",,
"2022-08-07 00:00:00",,
"2022-08-08 00:00:00",1980,58
"2022-08-09 00:00:00",2047,55
"2022-08-10 00:00:00",2001,55
"2022-08-11 00:00:00",1943,57
"2022-08-12 00:00:00",1938,55
"2022-08-13 00:00:00",,
"2022-08-14 00:00:00",,
"2022-08-15 00:00:00",1914,50
"2022-08-16 00:00:00",1953,50
"2022-08-17 00:00:00",1966,45
"2022-08-18 00:00:00",1950,47
"2022-08-19 00:00:00",1957,42
"2022-08-20 00:00:00",,
"2022-08-21 00:00:00",,
"2022-08-22 00:00:00",1913,46
"2022-08-23 00:00:00",1945,41
"2022-08-24 00:00:00",1928,44
"2022-08-25 00:00:00",1877,41
"2022-08-26 00:00:00",1831,49
"2022-08-27 00:00:00",,
"2022-08-28 00:00:00",,
"2022-08-29 00:00:00",1758,49
"2022-08-30 00:00:00",1735,42
"2022-08-31 00:00:00",1731,39
"2022-09-01 00:00:00",1691,37
"2022-09-02 00:00:00",1648,33
"2022-09-03 00:00:00",,
"2022-09-04 00:00:00",,
"2022-09-05 00:00:00",1523,34
"2022-09-06 00:00:00",1603,32
"2022-09-07 00:00:00",1607,31
"2022-09-08 00:00:00",1564,30
"2022-09-09 00:00:00",1537,29
"2022-09-10 00:00:00",,
"2022-09-11 00:00:00",,
"2022-09-12 00:00:00",1567,33
"2022-09-13 00:00:00",1551,40
"2022-09-14 00:00:00",1536,36
"2022-09-15 00:00:00",1508,35
"2022-09-16 00:00:00",1500,35
"2022-09-17 00:00:00",,
"2022-09-18 00:00:00",,
"2022-09-19 00:00:00",1484,36
"2022-09-20 00:00:00",1503,37
"2022-09-21 00:00:00",1513,36
"2022-09-22 00:00:00",1528,40
"2022-09-23 00:00:00",1532,35
"2022-09-24 00:00:00",,
"2022-09-25 00:00:00",,
"2022-09-26 00:00:00",1534,32
"2022-09-27 00:00:00",1585,34
"2022-09-28 00:00:00",1629,34
"2022-09-29 00:00:00",1629,42
"2022-09-30 00:00:00",1619,36
"2022-10-01 00:00:00",,
"2022-10-02 00:00:00",,
"2022-10-03 00:00:00",1724,33
"2022-10-04 00:00:00",1746,34
"2022-10-05 00:00:00",1775,35
"2022-10-06 00:00:00",1791,38
"2022-10-07 00:00:00",1828,37
"2022-10-08 00:00:00",,
"2022-10-09 00:00:00",,
"2022-10-10 00:00:00",1784,39
"2022-10-11 00:00:00",1978,52
"2022-10-12 00:00:00",2027,55
"2022-10-13 00:00:00",2003,60
"2022-10-14 00:00:00",1977,53
"2022-10-15 00:00:00",,
"2022-10-16 00:00:00",,
"2022-10-17 00:00:00",2003,58
"2022-10-18 00:00:00",2023,62
"2022-10-19 00:00:00",2031,54
"2022-10-20 00:00:00",2000,49
"2022-10-21 00:00:00",1954,50
"2022-10-22 00:00:00",,
"2022-10-23 00:00:00",,
"2022-10-24 00:00:00",1916,50
"2022-10-25 00:00:00",1890,52
"2022-10-26 00:00:00",1878,47
"2022-10-27 00:00:00",1891,51
"2022-10-28 00:00:00",1872,53
"2022-10-29 00:00:00",,
"2022-10-30 00:00:00",,
"2022-10-31 00:00:00",1869,49
"2022-11-01 00:00:00",1889,45
"2022-11-02 00:00:00",1892,52
"2022-11-03 00:00:00",1853,54
"2022-11-04 00:00:00",1803,56
"2022-11-05 00:00:00",,
"2022-11-06 00:00:00",,
"2022-11-07 00:00:00",1794,41
"2022-11-08 00:00:00",1800,41
"2022-11-09 00:00:00",1789,41
"2022-11-10 00:00:00",1722,40
"2022-11-11 00:00:00",1648,38
"2022-11-12 00:00:00",,
"2022-11-13 00:00:00",,
"2022-11-14 00:00:00",1651,33
"2022-11-15 00:00:00",1687,39
"2022-11-16 00:00:00",1648,39
"2022-11-17 00:00:00",1615,43
"2022-11-18 00:00:00",1601,41
"2022-11-19 00:00:00",,
"2022-11-20 00:00:00",,
"2022-11-21 00:00:00",1656,42
"2022-11-22 00:00:00",1716,42
"2022-11-23 00:00:00",1744,41
"2022-11-24 00:00:00",1761,46
"2022-11-25 00:00:00",1761,52
"2022-11-26 00:00:00",,
"2022-11-27 00:00:00",,
"2022-11-28 00:00:00",1825,51
"2022-11-29 00:00:00",1895,51
"2022-11-30 00:00:00",1934,45
"2022-12-01 00:00:00",1918,44
"2022-12-02 00:00:00",1890,47
"2022-12-03 00:00:00",,
"2022-12-04 00:00:00",,
"2022-12-05 00:00:00",1906,53
"2022-12-06 00:00:00",1923,51
"2022-12-07 00:00:00",1928,53
"2022-12-08 00:00:00",1930,51
"2022-12-09 00:00:00",1945,54
"2022-12-10 00:00:00",,
"2022-12-11 00:00:00",,
"2022-12-12 00:00:00",1958,63
"2022-12-13 00:00:00",2018,63
"2022-12-14 00:00:00",2039,67
"2022-12-15 00:00:00",2001,61
"2022-12-16 00:00:00",2011,57
"2022-12-17 00:00:00",,
"2022-12-18 00:00:00",,
"2022-12-19 00:00:00",2042,57
"2022-12-20 00:00:00",2092,57
"2022-12-21 00:00:00",2067,55
"2022-12-22 00:00:00",2064,55
"2022-12-23 00:00:00",,
"2022-12-24 00:00:00",,
"2022-12-25 00:00:00",,
"2022-12-26 00:00:00",,
"2022-12-27 00:00:00",,
"2022-12-28 00:00:00",2002,57
"2022-12-29 00:00:00",2020,64
"2022-12-30 00:00:00",,
"2022-12-31 00:00:00",,
"2023-01-01 00:00:00",,
"2023-01-02 00:00:00",,
"2023-01-03 00:00:00",,
"2023-01-04 00:00:00",2078,57
"2023-01-05 00:00:00",2095,58
"2023-01-06 00:00:00",2123,57
"2023-01-07 00:00:00",,
"2023-01-08 00:00:00",,
"2023-01-09 00:00:00",2084,53
"2023-01-10 00:00:00",2047,48
"2023-01-11 00:00:00",1982,44
"2023-01-12 00:00:00",1940,49
"2023-01-13 00:00:00",1896,50
"2023-01-14 00:00:00",,
"2023-01-15 00:00:00",,
"2023-01-16 00:00:00",1841,56
"2023-01-17 00:00:00",1807,52
"2023-01-18 00:00:00",1771,48
"2023-01-19 00:00:00",1718,44
"2023-01-20 00:00:00",1716,42
"2023-01-21 00:00:00",,
"2023-01-22 00:00:00",,
"2023-01-23 00:00:00",1674,37
"2023-01-24 00:00:00",1654,34
"2023-01-25 00:00:00",1596,35
"2023-01-26 00:00:00",1542,27
"2023-01-27 00:00:00",1520,23
"2023-01-28 00:00:00",,
"2023-01-29 00:00:00",,
"2023-01-30 00:00:00",1463,23
"2023-01-31 00:00:00",1450,26
"2023-02-01 00:00:00",1414,25
"2023-02-02 00:00:00",1384,24
"2023-02-03 00:00:00",1358,25
"2023-02-04 00:00:00",,
"2023-02-05 00:00:00",,
"2023-02-06 00:00:00",1340,30
"2023-02-07 00:00:00",1353,32
"2023-02-08 00:00:00",1351,27
"2023-02-09 00:00:00",1322,24
"2023-02-10 00:00:00",1297,30
"2023-02-11 00:00:00",,
"2023-02-12 00:00:00",,
"2023-02-13 00:00:00",1276,35
"2023-02-14 00:00:00",1287,33